SQL> alter session set	NLS_DATE_FORMAT = 'MM-DD-YYYY';

Session altered.

SQL> --
SQL> insert into branch values(0, 'Old Kent Road', 10, 885414789, '06-22-1999');
insert into branch values(0, 'Old Kent Road', 10, 885414789, '06-22-1999')
*
ERROR at line 1:
ORA-00001: unique constraint (BAASDAV.SYS_C00702489) violated 


SQL> insert into branch values(1, 'Boardwalk', 56, 996533256, '01-01-1975');
insert into branch values(1, 'Boardwalk', 56, 996533256, '01-01-1975')
*
ERROR at line 1:
ORA-00001: unique constraint (BAASDAV.SYS_C00702489) violated 


SQL> insert into branch values(2, 'Parks Place', 89, 332547852, '02-18-2019');
insert into branch values(2, 'Parks Place', 89, 332547852, '02-18-2019')
*
ERROR at line 1:
ORA-00001: unique constraint (BAASDAV.SYS_C00702489) violated 


SQL> --
SQL> insert into employee values(996533256, 'Larry Kotman', 0, NULL, '01-01-1975');
insert into employee values(996533256, 'Larry Kotman', 0, NULL, '01-01-1975')
*
ERROR at line 1:
ORA-00001: unique constraint (BAASDAV.SYS_C00702491) violated 


SQL> insert into employee values(23456789, 'Sarah Pasco', 0, 996533256, '10-01-2000');
insert into employee values(23456789, 'Sarah Pasco', 0, 996533256, '10-01-2000')
*
ERROR at line 1:
ORA-00001: unique constraint (BAASDAV.SYS_C00702491) violated 


SQL> insert into employee values(123456789, 'Ian Hislop', 0, 23456789, '04-11-2019');
insert into employee values(123456789, 'Ian Hislop', 0, 23456789, '04-11-2019')
*
ERROR at line 1:
ORA-00001: unique constraint (BAASDAV.SYS_C00702491) violated 


SQL> insert into employee values(987654321, 'Paul Merton', 0, 23456789, '04-11-2019');
insert into employee values(987654321, 'Paul Merton', 0, 23456789, '04-11-2019')
*
ERROR at line 1:
ORA-00001: unique constraint (BAASDAV.SYS_C00702491) violated 


SQL> insert into employee values(192837465, 'Danny Dire', 0, 23456789, '04-11-2019');
insert into employee values(192837465, 'Danny Dire', 0, 23456789, '04-11-2019')
*
ERROR at line 1:
ORA-00001: unique constraint (BAASDAV.SYS_C00702491) violated 


SQL> --
SQL> insert into employee values(885414789, 'Steve Tyler', 1, NULL, '06-22-199');
insert into employee values(885414789, 'Steve Tyler', 1, NULL, '06-22-199')
*
ERROR at line 1:
ORA-00001: unique constraint (BAASDAV.SYS_C00702491) violated 


SQL> --
SQL> insert into employee values(332547852, 'Julia Hildebrand', 2, NULL, '02-18-2019');
insert into employee values(332547852, 'Julia Hildebrand', 2, NULL, '02-18-2019')
*
ERROR at line 1:
ORA-00001: unique constraint (BAASDAV.SYS_C00702491) violated 


SQL> insert into employee values(112233445, 'Lewis Hamilton', 2, 332547852, '07-08-2009');
insert into employee values(112233445, 'Lewis Hamilton', 2, 332547852, '07-08-2009')
*
ERROR at line 1:
ORA-00001: unique constraint (BAASDAV.SYS_C00702491) violated 


SQL> insert into employee values(223344556, 'William Riker', 2, 332547852, '09-28-1987');
insert into employee values(223344556, 'William Riker', 2, 332547852, '09-28-1987')
*
ERROR at line 1:
ORA-00001: unique constraint (BAASDAV.SYS_C00702491) violated 


SQL> insert into employee values(445566778, 'Micheal Dorn' , 2, 332547852, '09-28-1987');
insert into employee values(445566778, 'Micheal Dorn' , 2, 332547852, '09-28-1987')
*
ERROR at line 1:
ORA-00001: unique constraint (BAASDAV.SYS_C00702491) violated 


SQL> --
SQL> /* Invalid employee ssn */
SQL> insert into employee values(123abZH28, 'Grant Iverson', 0, '04-12-2018');
insert into employee values(123abZH28, 'Grant Iverson', 0, '04-12-2018')
                               *
ERROR at line 1:
ORA-00917: missing comma 


SQL> --
SQL> insert into car values(1962, 'Toyota Prius', 'economy', 86, 'black', 'RED69323', 2015, 1);
insert into car values(1962, 'Toyota Prius', 'economy', 86, 'black', 'RED69323', 2015, 1)
*
ERROR at line 1:
ORA-00001: unique constraint (BAASDAV.SYS_C00702487) violated 


SQL> insert into car values(74656, 'BMW M3', 'premium', 212, 'yellow', 'DISCO5', 2019, 0);
insert into car values(74656, 'BMW M3', 'premium', 212, 'yellow', 'DISCO5', 2019, 0)
*
ERROR at line 1:
ORA-00001: unique constraint (BAASDAV.SYS_C00702487) violated 


SQL> insert into car values(2771, 'Rolls Royce Phantom', 'luxury', 555, 'gold', 'OPC 1546', 2016, 2);
insert into car values(2771, 'Rolls Royce Phantom', 'luxury', 555, 'gold', 'OPC 1546', 2016, 2)
*
ERROR at line 1:
ORA-00001: unique constraint (BAASDAV.SYS_C00702487) violated 


SQL> insert into car values(8008, 'Oldsmobile Grantmobile','premium', 250, 'hot pink', 'NCC 1701',1995, 1);
insert into car values(8008, 'Oldsmobile Grantmobile','premium', 250, 'hot pink', 'NCC 1701',1995, 1)
*
ERROR at line 1:
ORA-00001: unique constraint (BAASDAV.SYS_C00702487) violated 


SQL> 
SQL> -- Cars at Old Kent Road --
SQL> --Cars that fit the 4 table join --
SQL> insert into car values(0001, 'Ford F-150', 'premium', 155, 'red', 'OBG 4567', 2005, 0);
insert into car values(0001, 'Ford F-150', 'premium', 155, 'red', 'OBG 4567', 2005, 0)
*
ERROR at line 1:
ORA-00001: unique constraint (BAASDAV.SYS_C00702487) violated 


SQL> insert into car values(0002, 'Toyota Camery', 'economy', 66, 'orange', 'NASCAR', 2007, 0);
insert into car values(0002, 'Toyota Camery', 'economy', 66, 'orange', 'NASCAR', 2007, 0)
*
ERROR at line 1:
ORA-00001: unique constraint (BAASDAV.SYS_C00702487) violated 


SQL> insert into car values(0003, 'Honda Accord', 'economy', 99, 'blue-grey', 'NX 74205', 2019, 0);
insert into car values(0003, 'Honda Accord', 'economy', 99, 'blue-grey', 'NX 74205', 2019, 0)
*
ERROR at line 1:
ORA-00001: unique constraint (BAASDAV.SYS_C00702487) violated 


SQL> --car that won't be in the 4 table join--
SQL> insert into car values(0004, 'Douge Ram', 'economy', 103, 'pink', 'ABC 123', 2006, 0);
insert into car values(0004, 'Douge Ram', 'economy', 103, 'pink', 'ABC 123', 2006, 0)
*
ERROR at line 1:
ORA-00001: unique constraint (BAASDAV.SYS_C00702487) violated 


SQL> /*
SQL> This next one is an invalid data point
SQL> */
SQL> insert into car values(4003, 'Yugo', 'garbage tier', 99, 'white', 'SOVIET1', 1975, 0);
insert into car values(4003, 'Yugo', 'garbage tier', 99, 'white', 'SOVIET1', 1975, 0)
*
ERROR at line 1:
ORA-02290: check constraint (BAASDAV.CARIC1) violated 


SQL> --
SQL> insert into repair_shop values(123, 25, '606 Laker Lane, MI');
insert into repair_shop values(123, 25, '606 Laker Lane, MI')
*
ERROR at line 1:
ORA-00001: unique constraint (BAASDAV.SYS_C00702499) violated 


SQL> insert into repair_shop values(399, 32, '4017 Lubber Street, MI');
insert into repair_shop values(399, 32, '4017 Lubber Street, MI')
*
ERROR at line 1:
ORA-00001: unique constraint (BAASDAV.SYS_C00702499) violated 


SQL> --
SQL> insert into service values(123, 1962, '03-27-2019', 250, 'Broken headlight');
insert into service values(123, 1962, '03-27-2019', 250, 'Broken headlight')
*
ERROR at line 1:
ORA-00001: unique constraint (BAASDAV.SYS_C00702503) violated 


SQL> insert into service values(123, 74656, '10-13-2018', 75, 'Oil change');
insert into service values(123, 74656, '10-13-2018', 75, 'Oil change')
*
ERROR at line 1:
ORA-00001: unique constraint (BAASDAV.SYS_C00702503) violated 


SQL> insert into service values(399, 2771, '06-07-2018', 200, 'New door handle');
insert into service values(399, 2771, '06-07-2018', 200, 'New door handle')
*
ERROR at line 1:
ORA-00001: unique constraint (BAASDAV.SYS_C00702503) violated 


SQL> insert into service values(399, 1962, '02-19-2019', 25, 'New air filter');
insert into service values(399, 1962, '02-19-2019', 25, 'New air filter')
*
ERROR at line 1:
ORA-00001: unique constraint (BAASDAV.SYS_C00702503) violated 


SQL> /*Next one is invalid data entry (car serial num does not exist)*/
SQL> insert into service values(399, 77777, '01-01-2019', 100, 'Invalid entry');
insert into service values(399, 77777, '01-01-2019', 100, 'Invalid entry')
*
ERROR at line 1:
ORA-02291: integrity constraint (BAASDAV.SERVICEIC2) violated - parent key not 
found 


SQL> --
SQL> insert into repair_history values(74656, 2018, 75, 1);
insert into repair_history values(74656, 2018, 75, 1)
*
ERROR at line 1:
ORA-00001: unique constraint (BAASDAV.SYS_C00702500) violated 


SQL> insert into repair_history values(2771, 2018, 400, 2);
insert into repair_history values(2771, 2018, 400, 2)
*
ERROR at line 1:
ORA-00001: unique constraint (BAASDAV.SYS_C00702500) violated 


SQL> insert into repair_history values(1962, 2019, 275, 2);
insert into repair_history values(1962, 2019, 275, 2)
*
ERROR at line 1:
ORA-00001: unique constraint (BAASDAV.SYS_C00702500) violated 


SQL> insert into repair_history values(1962, 2018, 350, 3);
insert into repair_history values(1962, 2018, 350, 3)
*
ERROR at line 1:
ORA-00001: unique constraint (BAASDAV.SYS_C00702500) violated 


SQL> insert into repair_history values(1962, 2017, 600, 1);
insert into repair_history values(1962, 2017, 600, 1)
*
ERROR at line 1:
ORA-00001: unique constraint (BAASDAV.SYS_C00702500) violated 


SQL> /* Next one is invalid data entry (serial and year have already been entered*/
SQL> insert into repair_history values(1962, 2017, 100, 1);
insert into repair_history values(1962, 2017, 100, 1)
*
ERROR at line 1:
ORA-00001: unique constraint (BAASDAV.SYS_C00702500) violated 


SQL> --
SQL> insert into languages values(885414789, 'English');
insert into languages values(885414789, 'English')
*
ERROR at line 1:
ORA-00001: unique constraint (BAASDAV.SYS_C00702502) violated 


SQL> insert into languages values(332547852, 'English');
insert into languages values(332547852, 'English')
*
ERROR at line 1:
ORA-00001: unique constraint (BAASDAV.SYS_C00702502) violated 


SQL> insert into languages values(885414789, 'French');
insert into languages values(885414789, 'French')
*
ERROR at line 1:
ORA-00001: unique constraint (BAASDAV.SYS_C00702502) violated 


SQL> insert into languages values(332547852, 'Spanish');
insert into languages values(332547852, 'Spanish')
*
ERROR at line 1:
ORA-00001: unique constraint (BAASDAV.SYS_C00702502) violated 


SQL> insert into languages values(885414789, 'Arabic');
insert into languages values(885414789, 'Arabic')
*
ERROR at line 1:
ORA-00001: unique constraint (BAASDAV.SYS_C00702502) violated 


SQL> --
SQL> 
SQL> --
SQL> insert into customer values(10,'OurCredit','3257 Southfeild',42,'Boby Brown',123456789);
insert into customer values(10,'OurCredit','3257 Southfeild',42,'Boby Brown',123456789)
*
ERROR at line 1:
ORA-00001: unique constraint (BAASDAV.SYS_C00702494) violated 


SQL> insert into customer values(11,'Sky','64839 Johnsonville',58,'John Johnson',123456789);
insert into customer values(11,'Sky','64839 Johnsonville',58,'John Johnson',123456789)
*
ERROR at line 1:
ORA-00001: unique constraint (BAASDAV.SYS_C00702494) violated 


SQL> insert into customer values(12,'OurCredit','3257 Southfeild',70,'Avery Brooks',123456789);
insert into customer values(12,'OurCredit','3257 Southfeild',70,'Avery Brooks',123456789)
*
ERROR at line 1:
ORA-00001: unique constraint (BAASDAV.SYS_C00702494) violated 


SQL> insert into customer values(13,'Memic', '2345 Bajor Lane', 68, 'Nana Visitor', 123456789);
insert into customer values(13,'Memic', '2345 Bajor Lane', 68, 'Nana Visitor', 123456789)
*
ERROR at line 1:
ORA-00001: unique constraint (BAASDAV.SYS_C00702494) violated 


SQL> insert into customer values(14,'Fedacare','Deep Space 9', 56, 'Julian Bashir', 123456789);
insert into customer values(14,'Fedacare','Deep Space 9', 56, 'Julian Bashir', 123456789)
*
ERROR at line 1:
ORA-00001: unique constraint (BAASDAV.SYS_C00702494) violated 


SQL> --
SQL> insert into customer values(15, 'Fedacare','Deep Space 9', 45, 'Nicole de Boer', 987654321);
insert into customer values(15, 'Fedacare','Deep Space 9', 45, 'Nicole de Boer', 987654321)
*
ERROR at line 1:
ORA-00001: unique constraint (BAASDAV.SYS_C00702494) violated 


SQL> insert into customer values(16, 'Ferenicare', 'Deep Space 9', 67, 'Quark', 987654321);
insert into customer values(16, 'Ferenicare', 'Deep Space 9', 67, 'Quark', 987654321)
*
ERROR at line 1:
ORA-00001: unique constraint (BAASDAV.SYS_C00702494) violated 


SQL> insert into customer values(17, 'Risaian Services', '7654 Risa Road',74, 'Miles O Brian', 987654321);
insert into customer values(17, 'Risaian Services', '7654 Risa Road',74, 'Miles O Brian', 987654321)
*
ERROR at line 1:
ORA-00001: unique constraint (BAASDAV.SYS_C00702494) violated 


SQL> insert into customer values(18, 'Allstate', '7449 Whistleville',30, 'Mr. Chicken', 987654321);
insert into customer values(18, 'Allstate', '7449 Whistleville',30, 'Mr. Chicken', 987654321)
*
ERROR at line 1:
ORA-00001: unique constraint (BAASDAV.SYS_C00702494) violated 


SQL> --
SQL> --4 TABLE JOIN RENTALs--
SQL> insert into rental values(0001, 224, '06-02-2012', '06-04-2012', 300, 10, 0, 0001);
insert into rental values(0001, 224, '06-02-2012', '06-04-2012', 300, 10, 0, 0001)
*
ERROR at line 1:
ORA-00001: unique constraint (BAASDAV.SYS_C00702497) violated 


SQL> insert into rental values(0002, 1200, '11-8-2016', '01-01-2017', 2800, 11, 0, 0003);
insert into rental values(0002, 1200, '11-8-2016', '01-01-2017', 2800, 11, 0, 0003)
*
ERROR at line 1:
ORA-00001: unique constraint (BAASDAV.SYS_C00702497) violated 


SQL> insert into rental values(0003, 900, '02-25-2019', '02-27-2019', 310, 10, 2, 2771);

1 row created.

SQL> --customer tables that should work -- --
SQL> /*
SQL> insert into customer values(1,'NationWide',24581 Chesterfeild,25,Richard Nixon,382462847);
SQL> insert into customer values(1,'HoneyBeeHam','24581 Chesterfeild',25,'Richard Nixon',382462847);
SQL> --2 primary --
SQL> insert into customer values(2,'NationWide','24581 Chesterfeild',20,'Richard Nixon',382462847);
SQL> --under 25 --
SQL> insert into customer values(3,'NationWide','24581 Chesterfeild',25,'Richard Nixon',382462847);
SQL> -- 25 exactly --
SQL> insert into customer values('number','NationWide','24581 Chesterfeild','number','Richard Nixon','number');
SQL> --replaced integers with chars. --
SQL> insert into customer values(4,'NationWide','24581 Chesterfeild',25,'Richard Nixon',382462847);
SQL> --
SQL> insert into customer values(5,'LONGERTHAN20IIIIIIIII','24581 Chesterfeild',25,'Richard Nixon',382462847);
SQL> insert into customer values(6,'NationWide','LONGERTHAN30IIIIIIIIIIIIIIIIII',25,'Richard Nixon',382462847);
SQL> insert into customer values(7,'NationWide','24581 Chesterfeild',25,'LONGERTHAN20IIIIIIIII',382462847);
SQL> --big chars --
SQL> insert into customer values(0,0,0,0,0,0);
SQL> -- putting for everything --
SQL> insert into customer values(,,,,,);
SQL> --nothing in here --
SQL> --
SQL> insert into customer values( , , , , , );
SQL> */
SQL> --only spaces in here
SQL> COMMIT;

Commit complete.

SQL> -- BASIC QUERIES --
SQL> SELECT *
  2  FROM car;

 SERIALNUM CARMODEL                                 CARTYPE                     
---------- ---------------------------------------- --------------------        
   CARRATE COLOR           LICENSEP       YEAR        BID                       
---------- --------------- -------- ---------- ----------                       
      1962 Toyota Prius                             economy                     
        86 black           RED69323       2015          1                       
                                                                                
     74656 BMW M3                                   premium                     
       212 yellow          DISCO5         2019          0                       
                                                                                
      2771 Rolls Royce Phantom                      luxury                      
       555 gold            OPC 1546       2016          2                       
                                                                                

 SERIALNUM CARMODEL                                 CARTYPE                     
---------- ---------------------------------------- --------------------        
   CARRATE COLOR           LICENSEP       YEAR        BID                       
---------- --------------- -------- ---------- ----------                       
      8008 Oldsmobile Grantmobile                   premium                     
       250 hot pink        NCC 1701       1995          1                       
                                                                                
         1 Ford F-150                               premium                     
       155 red             OBG 4567       2005          0                       
                                                                                
         2 Toyota Camery                            economy                     
        66 orange          NASCAR         2007          0                       
                                                                                

 SERIALNUM CARMODEL                                 CARTYPE                     
---------- ---------------------------------------- --------------------        
   CARRATE COLOR           LICENSEP       YEAR        BID                       
---------- --------------- -------- ---------- ----------                       
         3 Honda Accord                             economy                     
        99 blue-grey       NX 74205       2019          0                       
                                                                                
         4 Douge Ram                                economy                     
       103 pink            ABC 123        2006          0                       
                                                                                

8 rows selected.

SQL> --
SQL> SELECT *
  2  FROM branch;

       BID BADDRESS                LOTSIZE MANAGERSSN MANAGERSTA                
---------- -------------------- ---------- ---------- ----------                
         0 Old Kent Road                10  885414789 06-22-1999                
         1 Boardwalk                    56  996533256 01-01-1975                
         2 Parks Place                  89  332547852 02-18-2019                

SQL> --
SQL> SELECT *
  2  FROM employee;

      ESSN NAME                        BID SUPERVISORSSN STARTDATE              
---------- -------------------- ---------- ------------- ----------             
 996533256 Larry Kotman                  0               01-01-1975             
  23456789 Sarah Pasco                   0     996533256 10-01-2000             
 123456789 Ian Hislop                    0      23456789 04-11-2019             
 987654321 Paul Merton                   0      23456789 04-11-2019             
 192837465 Danny Dire                    0      23456789 04-11-2019             
 885414789 Steve Tyler                   1               06-22-0199             
 332547852 Julia Hildebrand              2               02-18-2019             
 112233445 Lewis Hamilton                2     332547852 07-08-2009             
 223344556 William Riker                 2     332547852 09-28-1987             
 445566778 Micheal Dorn                  2     332547852 09-28-1987             

10 rows selected.

SQL> --
SQL> SELECT *
  2  FROM customer;

 LICENSEID INSURANCE            BILLINGADDR                           AGE       
---------- -------------------- ------------------------------ ----------       
NAME                 CONSULTANTSSN                                              
-------------------- -------------                                              
        10 OurCredit            3257 Southfeild                        42       
Boby Brown               123456789                                              
                                                                                
        11 Sky                  64839 Johnsonville                     58       
John Johnson             123456789                                              
                                                                                
        12 OurCredit            3257 Southfeild                        70       
Avery Brooks             123456789                                              
                                                                                

 LICENSEID INSURANCE            BILLINGADDR                           AGE       
---------- -------------------- ------------------------------ ----------       
NAME                 CONSULTANTSSN                                              
-------------------- -------------                                              
        13 Memic                2345 Bajor Lane                        68       
Nana Visitor             123456789                                              
                                                                                
        14 Fedacare             Deep Space 9                           56       
Julian Bashir            123456789                                              
                                                                                
        15 Fedacare             Deep Space 9                           45       
Nicole de Boer           987654321                                              
                                                                                

 LICENSEID INSURANCE            BILLINGADDR                           AGE       
---------- -------------------- ------------------------------ ----------       
NAME                 CONSULTANTSSN                                              
-------------------- -------------                                              
        16 Ferenicare           Deep Space 9                           67       
Quark                    987654321                                              
                                                                                
        17 Risaian Services     7654 Risa Road                         74       
Miles O Brian            987654321                                              
                                                                                
        18 Allstate             7449 Whistleville                      30       
Mr. Chicken              987654321                                              
                                                                                

9 rows selected.

SQL> --
SQL> SELECT *
  2  FROM rental;

   ORDERID       COST STARTDATE  RETURNDATE  MILESUSED RENTERLICENSEID          
---------- ---------- ---------- ---------- ---------- ---------------          
       BID CARSERIALNUM                                                         
---------- ------------                                                         
         1        224 06-02-2012 06-04-2012        300              10          
         0            1                                                         
                                                                                
         2       1200 11-08-2016 01-01-2017       2800              11          
         0            3                                                         
                                                                                
         3        900 02-25-2019 02-27-2019        310              10          
         2         2771                                                         
                                                                                

SQL> --
SQL> SELECT *
  2  FROM repair_shop;

      RSID GARAGESPACES RADDRESS                                                
---------- ------------ ------------------------------                          
       123           25 606 Laker Lane, MI                                      
       399           32 4017 Lubber Street, MI                                  

SQL> --
SQL> SELECT *
  2  FROM repair_history;

CARSERIALNUM       YEAR       COST NUMSERVICES                                  
------------ ---------- ---------- -----------                                  
       74656       2018         75           1                                  
        2771       2018        400           2                                  
        1962       2019        275           2                                  
        1962       2018        350           3                                  
        1962       2017        600           1                                  

SQL> --
SQL> SELECT *
  2  FROM languages;

      ESSN LANGUAGE                                                             
---------- ---------------                                                      
 332547852 English                                                              
 332547852 Spanish                                                              
 885414789 Arabic                                                               
 885414789 English                                                              
 885414789 French                                                               

SQL> --
SQL> SELECT *
  2  FROM service;

      RSID CARSERIALNUM SDATE            COST                                   
---------- ------------ ---------- ----------                                   
REASON                                                                          
----------------------------------------                                        
       123         1962 03-27-2019        250                                   
Broken headlight                                                                
                                                                                
       123        74656 10-13-2018         75                                   
Oil change                                                                      
                                                                                
       399         2771 06-07-2018        200                                   
New door handle                                                                 
                                                                                

      RSID CARSERIALNUM SDATE            COST                                   
---------- ------------ ---------- ----------                                   
REASON                                                                          
----------------------------------------                                        
       399         1962 02-19-2019         25                                   
New air filter                                                                  
                                                                                

SQL> --
SQL> SET ECHO OFF
